CREDIT_CARD_BRAND,ApplePay_SuccessRate,Card_SuccessRate
American Express,0.8354430379746836,0.8366533864541833
Discover,0.6341463414634146,0.8547008547008547
MasterCard,0.6034063260340633,0.4978448275862069
Visa,0.4992283950617284,0.693327239488117
