PROCESSOR,TRANSACTION_STATUS
stripe,0.773037542662116
adyen,0.760539629005059
cko,0.37727272727272726
