CREDIT_CARD_BRAND,ApplePay_SuccessRate,Card_SuccessRate
American Express,0.88,0.9130434782608695
Discover,0.7878787878787878,0.9259259259259259
MasterCard,0.7065527065527065,0.5984455958549223
Visa,0.5914076782449725,0.8129689174705252
