PROCESSOR,TRANSACTION_STATUS
stripe,0.5937090432503277
adyen,0.5694444444444444
cko,0.30514705882352944
