PROCESSOR,TRANSACTION_STATUS
stripe,0.874251497005988
adyen,0.8678678678678678
cko,0.4666666666666667
